<step title="Incoming Request" date="2025-08-20T01:33:53.134" instance="a42703" url="/api/publish?type=zip&amp;async=False" method="POST" type="request" pid="821,1,15" Accept="*/*" Host="app-academic-staging-dvjm4oxxoy2g6.scm.azurewebsites.net" User-Agent="AZURECLI/2.76.0 (DEB)" Accept-Encoding="gzip, deflate" Authorization="Bas..." Cache-Control="no-cache" Content-Type="application/octet-stream" Cookie="ARRAffinity=a42703bad94bbd732785409e8d58cad60a05ddba9924b87518e1df18cab3137c; ARRAffinitySameSite=a42703bad94bbd732785409e8d58cad60a05ddba9924b87518e1df18cab3137c" Content-Length="18829271" x-ms-client-request-id="9d63fb38-7d65-11f0-8992-7ced8d6fe581" x-ms-artifact-checksum="b741454c27eb4704344386a352f6a10ffe6bb772b280cc7c9fc593f0de046542" X-ARR-LOG-ID="9d63fb38-7d65-11f0-8992-7ced8d6fe581" CLIENT-IP="68.220.63.1:36873" X-SITE-DEPLOYMENT-ID="app-academic-staging-dvjm4oxxoy2g6" WAS-DEFAULT-HOSTNAME="app-academic-staging-dvjm4oxxoy2g6.scm.azurewebsites.net" X-Forwarded-Proto="https" X-AppService-Proto="https" X-Forwarded-TlsVersion="1.3" X-WAWS-Unencoded-URL="/api/publish?type=zip&amp;async=False" X-Client-IP="68.220.63.1" X-Client-Port="36873" >
  <step title="OneDeploy" date="2025-08-20T01:33:53.323" >
    <step title="None repository commit" date="2025-08-20T01:33:53.338" >
      <step title="Commit id: f1b9ffa2-fc97-4a40-b992-f3f338e69b00" date="2025-08-20T01:33:53.342" Message="N/A" AuthorName="N/A" AuthorEmail="N/A" /><!-- duration: 3ms -->
    </step><!-- duration: 9ms -->
    <step title="Starting PushDeployAsync" date="2025-08-20T01:33:53.350" /><!-- duration: 14ms -->
    <step title="Writing artifact to /tmp/zipdeploy/d84b39ec-62a4-4bda-affa-35479f058ecd.zip" date="2025-08-20T01:33:53.395" >
      <step title="Writing multipart request body to /tmp/zipdeploy/d84b39ec-62a4-4bda-affa-35479f058ecd.zip" date="2025-08-20T01:33:53.409" /><!-- duration: 7ms -->
    </step><!-- duration: 594ms -->
    <step title="Attempting to fetch target branch HEAD" date="2025-08-20T01:33:54.001" /><!-- duration: 3ms -->
    <step title="Acquiring Deployment Lock" date="2025-08-20T01:33:54.007" /><!-- duration: 2ms -->
    <step title="Acquired Deployment Lock" date="2025-08-20T01:33:54.054" /><!-- duration: 3ms -->
    <step title="Performing fetch based deployment" date="2025-08-20T01:33:54.064" >
      <step title="Creating temporary deployment" date="2025-08-20T01:33:54.068" /><!-- duration: 95ms -->
      <step title="Releasing Deployment Lock" date="2025-08-20T01:33:55.319" /><!-- duration: 4ms -->
      <step title="Cleaning up temp folders from previous zip deployments and extracting pushed zip file /tmp/zipdeploy/d84b39ec-62a4-4bda-affa-35479f058ecd.zip (17.96 MB) to /tmp/zipdeploy/extracted" date="2025-08-20T01:33:55.346" >
        <step title="ChmodRecursive Process exited with total time taken in ms: 50" date="2025-08-20T01:33:56.519" /><!-- duration: 4ms -->
      </step><!-- duration: 1181ms -->
      <step title="None repository commit" date="2025-08-20T01:33:56.530" >
        <step title="Commit id: f1b9ffa2-fc97-4a40-b992-f3f338e69b00" date="2025-08-20T01:33:56.533" Message="OneDeploy" AuthorName="N/A" AuthorEmail="N/A" /><!-- duration: 3ms -->
      </step><!-- duration: 8ms -->
      <step title="Deployment timer started" date="2025-08-20T01:33:58.543" >
        <step title="DeploymentManager.Deploy(id:f1b9ffa2-fc97-4a40-b992-f3f338e69b00)" date="2025-08-20T01:33:58.548" >
          <step title="Collecting changeset information" date="2025-08-20T01:33:58.558" /><!-- duration: 68ms -->
          <step title="Updating submodules" date="2025-08-20T01:33:58.632" /><!-- duration: 1169ms -->
          <step title="Determining deployment builder" date="2025-08-20T01:34:00.064" >
            <step title="Builder is OneDeployBuilder" date="2025-08-20T01:34:00.120" /><!-- duration: 9ms -->
          </step><!-- duration: 74ms -->
          <step title="PreDeployment: context.CleanOutputPath False" date="2025-08-20T01:34:00.204" >
            <step title="PreDeployment: context.OutputPath /home/site/wwwroot" date="2025-08-20T01:34:00.373" >
              <step title="Building" date="2025-08-20T01:34:00.680" >
                <step title="Executing external process" date="2025-08-20T01:34:01.171" type="process" path="starter.sh" arguments="/opt/Kudu/Scripts/parallel_rsync.sh /tmp/zipdeploy/extracted /home/site/wwwroot 8 /tmp/ False False  " /><!-- duration: 9474ms -->
                <step title="Modified file to trigger a restart of the app container." date="2025-08-20T01:34:11.493" /><!-- duration: 8ms -->
                <step title="Skip function trigger and logicapp sync because function is not enabled." date="2025-08-20T01:34:11.510" /><!-- duration: 7ms -->
              </step><!-- duration: 11753ms -->
            </step><!-- duration: 12076ms -->
            <step title="Cleaning up temp files" date="2025-08-20T01:34:12.464" /><!-- duration: 34ms -->
            <step title="Cleaning up temp files" date="2025-08-20T01:34:12.505" /><!-- duration: 509ms -->
            <step title="Reloading status file with latest updates" date="2025-08-20T01:34:13.047" >
              <step title="WebHooksManager.PublishEventAsync: PostDeployment" date="2025-08-20T01:34:13.057" /><!-- duration: 105ms -->
            </step><!-- duration: 118ms -->
            <step title="Cleaning up temporary deployment - fetch deployment was successful" date="2025-08-20T01:34:13.171" /><!-- duration: 3ms -->
          </step><!-- duration: 13033ms -->
        </step><!-- duration: 14700ms -->
        <step title="Outgoing response" date="2025-08-20T01:34:13.265" type="response" statusCode="200" statusText="OK" /><!-- duration: 7ms -->
      </step><!-- duration: 14732ms -->
