<step title="Incoming Request" date="2025-08-20T03:42:50.653" instance="a42703" url="/api/publish?type=zip&amp;async=False" method="POST" type="request" pid="822,1,28" Accept="*/*" Host="app-academic-staging-dvjm4oxxoy2g6.scm.azurewebsites.net" User-Agent="AZURECLI/2.76.0 (DEB)" Accept-Encoding="gzip, deflate" Authorization="Bas..." Cache-Control="no-cache" Content-Type="application/octet-stream" Cookie="ARRAffinity=a42703bad94bbd732785409e8d58cad60a05ddba9924b87518e1df18cab3137c; ARRAffinitySameSite=a42703bad94bbd732785409e8d58cad60a05ddba9924b87518e1df18cab3137c" Content-Length="18829228" x-ms-client-request-id="b9e50f1a-7d77-11f0-8992-7ced8d7b22b7" x-ms-artifact-checksum="95ed9bb1001b3981ac4a4ae3b1f2906d5234a94a13c90293e5f90ef927e41337" X-ARR-LOG-ID="b9e50f1a-7d77-11f0-8992-7ced8d7b22b7" CLIENT-IP="135.232.201.83:51201" X-SITE-DEPLOYMENT-ID="app-academic-staging-dvjm4oxxoy2g6" WAS-DEFAULT-HOSTNAME="app-academic-staging-dvjm4oxxoy2g6.scm.azurewebsites.net" X-Forwarded-Proto="https" X-AppService-Proto="https" X-Forwarded-TlsVersion="1.3" X-WAWS-Unencoded-URL="/api/publish?type=zip&amp;async=False" X-Client-IP="135.232.201.83" X-Client-Port="51201" >
  <step title="OneDeploy" date="2025-08-20T03:42:50.758" >
    <step title="None repository commit" date="2025-08-20T03:42:50.772" >
      <step title="Commit id: 7a3e78b7-c150-4275-a747-70f3bb94f478" date="2025-08-20T03:42:50.775" Message="N/A" AuthorName="N/A" AuthorEmail="N/A" /><!-- duration: 4ms -->
    </step><!-- duration: 12ms -->
    <step title="Starting PushDeployAsync" date="2025-08-20T03:42:50.789" /><!-- duration: 5ms -->
    <step title="Writing artifact to /tmp/zipdeploy/bdb54d07-8aa0-4d91-afa5-42a445f003db.zip" date="2025-08-20T03:42:50.869" >
      <step title="Writing multipart request body to /tmp/zipdeploy/bdb54d07-8aa0-4d91-afa5-42a445f003db.zip" date="2025-08-20T03:42:50.890" /><!-- duration: 44ms -->
    </step><!-- duration: 1066ms -->
    <step title="Attempting to fetch target branch HEAD" date="2025-08-20T03:42:51.989" /><!-- duration: 62ms -->
    <step title="Acquiring Deployment Lock" date="2025-08-20T03:42:52.090" /><!-- duration: 26ms -->
    <step title="Acquired Deployment Lock" date="2025-08-20T03:42:52.188" /><!-- duration: 11ms -->
    <step title="Performing fetch based deployment" date="2025-08-20T03:42:52.214" >
      <step title="Creating temporary deployment" date="2025-08-20T03:42:52.222" /><!-- duration: 117ms -->
      <step title="Releasing Deployment Lock" date="2025-08-20T03:42:53.530" /><!-- duration: 5ms -->
      <step title="Cleaning up temp folders from previous zip deployments and extracting pushed zip file /tmp/zipdeploy/bdb54d07-8aa0-4d91-afa5-42a445f003db.zip (17.96 MB) to /tmp/zipdeploy/extracted" date="2025-08-20T03:42:53.561" >
        <step title="ChmodRecursive Process exited with total time taken in ms: 70" date="2025-08-20T03:42:55.002" /><!-- duration: 5ms -->
      </step><!-- duration: 1450ms -->
      <step title="None repository commit" date="2025-08-20T03:42:55.031" >
        <step title="Commit id: 7a3e78b7-c150-4275-a747-70f3bb94f478" date="2025-08-20T03:42:55.035" Message="OneDeploy" AuthorName="N/A" AuthorEmail="N/A" /><!-- duration: 11ms -->
      </step><!-- duration: 27ms -->
      <step title="Deployment timer started" date="2025-08-20T03:42:57.074" >
        <step title="DeploymentManager.Deploy(id:7a3e78b7-c150-4275-a747-70f3bb94f478)" date="2025-08-20T03:42:57.103" >
          <step title="Collecting changeset information" date="2025-08-20T03:42:57.158" /><!-- duration: 149ms -->
          <step title="Updating submodules" date="2025-08-20T03:42:57.320" /><!-- duration: 1134ms -->
          <step title="Determining deployment builder" date="2025-08-20T03:42:58.665" >
            <step title="Builder is OneDeployBuilder" date="2025-08-20T03:42:58.678" /><!-- duration: 5ms -->
          </step><!-- duration: 21ms -->
          <step title="PreDeployment: context.CleanOutputPath False" date="2025-08-20T03:42:58.732" >
            <step title="PreDeployment: context.OutputPath /home/site/wwwroot" date="2025-08-20T03:42:58.877" >
              <step title="Building" date="2025-08-20T03:42:59.048" >
                <step title="Executing external process" date="2025-08-20T03:42:59.558" type="process" path="starter.sh" arguments="/opt/Kudu/Scripts/parallel_rsync.sh /tmp/zipdeploy/extracted /home/site/wwwroot 8 /tmp/ False False  " /><!-- duration: 20586ms -->
                <step title="Modified file to trigger a restart of the app container." date="2025-08-20T03:43:21.141" /><!-- duration: 15ms -->
                <step title="Skip function trigger and logicapp sync because function is not enabled." date="2025-08-20T03:43:21.169" /><!-- duration: 10ms -->
              </step><!-- duration: 23195ms -->
            </step><!-- duration: 23371ms -->
            <step title="Cleaning up temp files" date="2025-08-20T03:43:22.251" /><!-- duration: 4ms -->
            <step title="Cleaning up temp files" date="2025-08-20T03:43:22.268" /><!-- duration: 524ms -->
            <step title="Reloading status file with latest updates" date="2025-08-20T03:43:22.882" >
              <step title="WebHooksManager.PublishEventAsync: PostDeployment" date="2025-08-20T03:43:22.887" /><!-- duration: 84ms -->
            </step><!-- duration: 94ms -->
            <step title="Cleaning up temporary deployment - fetch deployment was successful" date="2025-08-20T03:43:22.981" /><!-- duration: 3ms -->
          </step><!-- duration: 24333ms -->
        </step><!-- duration: 25969ms -->
        <step title="Outgoing response" date="2025-08-20T03:43:23.078" type="response" statusCode="200" statusText="OK" /><!-- duration: 6ms -->
      </step><!-- duration: 26013ms -->
