﻿<?xml version="1.0" encoding="utf-8"?>
<deployment>
  <id>7a3e78b7-c150-4275-a747-70f3bb94f478</id>
  <author>N/A</author>
  <deployer>OneDeploy</deployer>
  <authorEmail>N/A</authorEmail>
  <message>OneDeploy</message>
  <progress></progress>
  <status>Success</status>
  <statusText></statusText>
  <lastSuccessEndTime>2025-08-20T03:43:21.7644254Z</lastSuccessEndTime>
  <receivedTime>2025-08-20T03:42:57.2055696Z</receivedTime>
  <startTime>2025-08-20T03:42:58.5997173Z</startTime>
  <endTime>2025-08-20T03:43:21.7644254Z</endTime>
  <complete>True</complete>
  <is_temp>False</is_temp>
  <is_readonly>True</is_readonly>
  <buildSummary />
</deployment>