﻿<?xml version="1.0" encoding="utf-8"?>
<deployment>
  <id>f1b9ffa2-fc97-4a40-b992-f3f338e69b00</id>
  <author>N/A</author>
  <deployer>OneDeploy</deployer>
  <authorEmail>N/A</authorEmail>
  <message>OneDeploy</message>
  <progress></progress>
  <status>Success</status>
  <statusText></statusText>
  <lastSuccessEndTime>2025-08-20T01:34:11.924452Z</lastSuccessEndTime>
  <receivedTime>2025-08-20T01:33:58.5806289Z</receivedTime>
  <startTime>2025-08-20T01:33:59.9738068Z</startTime>
  <endTime>2025-08-20T01:34:11.924452Z</endTime>
  <complete>True</complete>
  <is_temp>False</is_temp>
  <is_readonly>True</is_readonly>
  <buildSummary />
</deployment>