<step title="Incoming Request" date="2025-08-20T03:43:52.274" instance="a42703" url="/api/publish?type=zip&amp;async=False" method="POST" type="request" pid="822,1,30" Accept="*/*" Host="app-academic-staging-dvjm4oxxoy2g6.scm.azurewebsites.net" User-Agent="AZURECLI/2.76.0 (DEB)" Accept-Encoding="gzip, deflate" Authorization="Bas..." Cache-Control="no-cache" Content-Type="application/octet-stream" Cookie="ARRAffinity=a42703bad94bbd732785409e8d58cad60a05ddba9924b87518e1df18cab3137c; ARRAffinitySameSite=a42703bad94bbd732785409e8d58cad60a05ddba9924b87518e1df18cab3137c" Content-Length="18829273" x-ms-client-request-id="ddd67f26-7d77-11f0-8992-6045bd0585ea" x-ms-artifact-checksum="5abc1062a7d090914c45dc81499af9484ec72578e4b8fe6c37869de03ab8b680" X-ARR-LOG-ID="ddd67f26-7d77-11f0-8992-6045bd0585ea" CLIENT-IP="172.184.219.210:15377" X-SITE-DEPLOYMENT-ID="app-academic-staging-dvjm4oxxoy2g6" WAS-DEFAULT-HOSTNAME="app-academic-staging-dvjm4oxxoy2g6.scm.azurewebsites.net" X-Forwarded-Proto="https" X-AppService-Proto="https" X-Forwarded-TlsVersion="1.3" X-WAWS-Unencoded-URL="/api/publish?type=zip&amp;async=False" X-Client-IP="172.184.219.210" X-Client-Port="15377" >
  <step title="OneDeploy" date="2025-08-20T03:43:52.417" >
    <step title="Starting PushDeployAsync" date="2025-08-20T03:43:52.510" /><!-- duration: 15ms -->
    <step title="Writing artifact to /tmp/zipdeploy/d95b7956-0d14-4c0a-8818-cc9035113a95.zip" date="2025-08-20T03:43:52.563" >
      <step title="Writing multipart request body to /tmp/zipdeploy/d95b7956-0d14-4c0a-8818-cc9035113a95.zip" date="2025-08-20T03:43:52.584" /><!-- duration: 26ms -->
    </step><!-- duration: 1910ms -->
    <step title="Attempting to fetch target branch HEAD" date="2025-08-20T03:43:54.554" /><!-- duration: 11ms -->
    <step title="Acquiring Deployment Lock" date="2025-08-20T03:43:54.592" /><!-- duration: 30ms -->
    <step title="Acquired Deployment Lock" date="2025-08-20T03:43:54.840" /><!-- duration: 28ms -->
    <step title="Performing fetch based deployment" date="2025-08-20T03:43:54.966" >
      <step title="Creating temporary deployment" date="2025-08-20T03:43:54.993" /><!-- duration: 332ms -->
      <step title="Releasing Deployment Lock" date="2025-08-20T03:43:56.951" /><!-- duration: 27ms -->
      <step title="Cleaning up temp folders from previous zip deployments and extracting pushed zip file /tmp/zipdeploy/d95b7956-0d14-4c0a-8818-cc9035113a95.zip (17.96 MB) to /tmp/zipdeploy/extracted" date="2025-08-20T03:43:57.130" >
        <step title="ChmodRecursive Process exited with total time taken in ms: 231" date="2025-08-20T03:44:03.664" /><!-- duration: 49ms -->
      </step><!-- duration: 6649ms -->
      <step title="None repository commit" date="2025-08-20T03:44:03.847" >
        <step title="Commit id: 8de5139a-bc97-46f9-bf47-2a4e93bfe706" date="2025-08-20T03:44:03.964" Message="OneDeploy" AuthorName="N/A" AuthorEmail="N/A" /><!-- duration: 95ms -->
      </step><!-- duration: 232ms -->
      <step title="Deployment timer started" date="2025-08-20T03:44:06.091" >
        <step title="DeploymentManager.Deploy(id:8de5139a-bc97-46f9-bf47-2a4e93bfe706)" date="2025-08-20T03:44:06.106" >
          <step title="Collecting changeset information" date="2025-08-20T03:44:06.160" /><!-- duration: 153ms -->
          <step title="Updating submodules" date="2025-08-20T03:44:06.329" /><!-- duration: 1193ms -->
          <step title="Determining deployment builder" date="2025-08-20T03:44:07.780" >
            <step title="Builder is OneDeployBuilder" date="2025-08-20T03:44:07.809" /><!-- duration: 8ms -->
          </step><!-- duration: 48ms -->
          <step title="PreDeployment: context.CleanOutputPath False" date="2025-08-20T03:44:07.920" >
            <step title="PreDeployment: context.OutputPath /home/site/wwwroot" date="2025-08-20T03:44:08.159" >
              <step title="Building" date="2025-08-20T03:44:08.344" >
                <step title="Executing external process" date="2025-08-20T03:44:08.947" type="process" path="starter.sh" arguments="/opt/Kudu/Scripts/parallel_rsync.sh /tmp/zipdeploy/extracted /home/site/wwwroot 8 /tmp/ False False  " /><!-- duration: 10584ms -->
                <step title="Modified file to trigger a restart of the app container." date="2025-08-20T03:44:19.984" /><!-- duration: 6ms -->
                <step title="Skip function trigger and logicapp sync because function is not enabled." date="2025-08-20T03:44:19.993" /><!-- duration: 6ms -->
              </step><!-- duration: 12416ms -->
            </step><!-- duration: 12611ms -->
            <step title="Cleaning up temp files" date="2025-08-20T03:44:20.773" /><!-- duration: 3ms -->
            <step title="Cleaning up temp files" date="2025-08-20T03:44:20.785" /><!-- duration: 519ms -->
            <step title="Reloading status file with latest updates" date="2025-08-20T03:44:21.504" >
              <step title="WebHooksManager.PublishEventAsync: PostDeployment" date="2025-08-20T03:44:21.528" /><!-- duration: 57ms -->
            </step><!-- duration: 97ms -->
            <step title="Cleaning up temporary deployment - fetch deployment was successful" date="2025-08-20T03:44:21.613" /><!-- duration: 4ms -->
          </step><!-- duration: 13799ms -->
        </step><!-- duration: 15620ms -->
        <step title="Outgoing response" date="2025-08-20T03:44:21.730" type="response" statusCode="200" statusText="OK" /><!-- duration: 8ms -->
      </step><!-- duration: 15656ms -->
